[
null,
{"id":1,"expanded":true,"name":"월드맵","order":1,"parentId":0,"scrollX":601.3333333333334,"scrollY":411.3333333333333},
{"id":2,"expanded":true,"name":"늅늅마을","order":2,"parentId":1,"scrollX":1088,"scrollY":640},
{"id":3,"expanded":true,"name":"술집","order":3,"parentId":2,"scrollX":828,"scrollY":543.3333333333334},
{"id":4,"expanded":false,"name":"대장간","order":4,"parentId":2,"scrollX":601.3333333333334,"scrollY":406},
{"id":5,"expanded":false,"name":"집1","order":5,"parentId":2,"scrollX":816,"scrollY":624},
{"id":6,"expanded":false,"name":"여관","order":6,"parentId":2,"scrollX":816,"scrollY":624}
]